{"stats":{"minecraft:killed_by":{"minecraft:zombie":1},"minecraft:picked_up":{"soul_like_armors_reworked:rustyshield":1,"minecraft:rotten_flesh":4},"minecraft:used":{"epicsamurai:katana":31,"minecraft:bow":20,"minecraft:cooked_beef":2},"minecraft:custom":{"minecraft:time_since_rest":3673,"minecraft:open_chest":1,"minecraft:deaths":1,"minecraft:sprint_one_cm":92618,"minecraft:play_time":15760,"minecraft:damage_taken":422,"tombstone:undead_killed":8,"minecraft:walk_one_cm":67719,"minecraft:sneak_time":5,"minecraft:mob_kills":9,"minecraft:jump":330,"minecraft:damage_dealt":1378,"minecraft:leave_game":3,"minecraft:time_since_death":3972,"minecraft:walk_on_water_one_cm":2308,"minecraft:total_world_time":15760,"minecraft:damage_dealt_absorbed":84,"minecraft:fall_one_cm":5190,"minecraft:fly_one_cm":129676},"minecraft:killed":{"minecraft:skeleton":1,"minecraft:zombie":7,"minecraft:creeper":1}},"DataVersion":3465}