{"stats":{"minecraft:killed":{"minecraft:sheep":3,"minecraft:skeleton":5,"minecraft:zombie":5,"minecraft:creeper":1},"minecraft:picked_up":{"soul_like_armors_reworked:estusflask":4,"minecraft:arrow":1,"minecraft:bone":1,"minecraft:rotten_flesh":1,"minecraft:bow":1,"minecraft:gunpowder":2,"minecraft:mutton":1,"minecraft:white_wool":1},"minecraft:custom":{"minecraft:time_since_rest":19677,"minecraft:sprint_one_cm":25871,"minecraft:play_time":19677,"tombstone:undead_killed":10,"minecraft:walk_one_cm":55205,"minecraft:sneak_time":73,"minecraft:mob_kills":14,"minecraft:jump":88,"minecraft:leave_game":1,"minecraft:time_since_death":19677,"minecraft:total_world_time":19677,"minecraft:fall_one_cm":209,"minecraft:fly_one_cm":50974}},"DataVersion":3465}