{"stats":{"minecraft:killed":{"minecraft:zombie":1,"minecraft:salmon":3},"minecraft:used":{"minecraft:creeper_spawn_egg":3,"naturalist:duck_egg":7,"epicfight:skillbook":40,"minecraft:sand":1,"minecraft:skeleton_spawn_egg":12,"smallships:cherry_galley":1,"minecraft:netherite_axe":1,"minecraft:crossbow":21,"blocky_siege:cannon_stand":3},"minecraft:custom":{"minecraft:time_since_rest":29539,"minecraft:crouch_one_cm":274,"minecraft:play_time":29539,"minecraft:sprint_one_cm":26867,"tombstone:undead_killed":1,"minecraft:walk_one_cm":51958,"minecraft:sneak_time":314,"minecraft:walk_under_water_one_cm":5437,"minecraft:mob_kills":4,"minecraft:boat_one_cm":249987,"minecraft:jump":120,"minecraft:damage_dealt":205,"minecraft:walk_on_water_one_cm":2469,"minecraft:time_since_death":29539,"minecraft:total_world_time":29539,"minecraft:fly_one_cm":240717},"minecraft:picked_up":{"smallships:cherry_galley":1,"minecraft:bone":4,"minecraft:arrow":6,"minecraft:rotten_flesh":1,"smallships:cannon":2,"naturalist:duck_egg":1,"minecraft:cobblestone":4}},"DataVersion":3465}