{"stats":{"minecraft:picked_up":{"minecraft:cocoa_beans":6,"minecraft:crafting_table":6,"minecraft:ladder":5,"minecraft:anvil":3,"minecraft:jungle_log":8,"minecraft:leather":9,"minecraft:smithing_table":2,"minecraft:lead":1,"minecraft:wooden_pickaxe":1,"minecraft:oak_log":10,"minecraft:brewing_stand":1,"minecraft:cobblestone_stairs":1,"minecraft:dirt":3,"minecraft:string":15,"minecraft:red_bed":6,"minecraft:moss_carpet":2,"minecraft:iron_axe":1,"minecraft:iron_leggings":1,"minecraft:bone":2,"minecraft:oak_sign":1,"minecraft:iron_ingot":3,"minecraft:grindstone":1,"minecraft:beef":11,"minecraft:jungle_sapling":1,"soul_like_armors_reworked:dagger":1,"regions_unexplored:redwood_planks":2,"minecraft:melon_slice":16,"minecraft:iron_sword":1,"minecraft:iron_boots":1,"regions_unexplored:redwood_log":4,"minecraft:egg":1,"minecraft:book":75,"minecraft:stick":3,"minecraft:raw_iron_block":1,"minecraft:jungle_planks":1,"minecraft:blast_furnace":2,"minecraft:mossy_cobblestone":1,"minecraft:dark_oak_planks":7,"minecraft:arrow":4,"minecraft:hay_block":22,"minecraft:mutton":15,"minecraft:bricks":1,"minecraft:white_wool":57,"minecraft:cobblestone":27},"minecraft:crafted":{"minecraft:arrow":28,"sophisticatedbackpacks:backpack":1,"minecraft:crafting_table":2,"minecraft:wooden_pickaxe":1,"minecraft:furnace":2,"minecraft:jungle_trapdoor":4,"minecraft:hay_block":5,"minecraft:stone_axe":1,"minecraft:bread":2,"minecraft:jungle_planks":32,"regions_unexplored:redwood_planks":16,"minecraft:bow":1,"minecraft:ladder":3,"minecraft:stick":24,"minecraft:iron_ingot":1,"minecraft:stone_pickaxe":1,"minecraft:chest":1,"regions_unexplored:redwood_boat":1,"minecraft:dark_oak_planks":12,"minecraft:torch":12,"minecraft:shears":1,"sophisticatedbackpacks:iron_backpack":1},"minecraft:used":{"epicfight:skillbook":3,"minecraft:stone_pickaxe":31,"minecraft:ladder":7,"minecraft:wooden_pickaxe":8,"minecraft:iron_sword":56,"soul_like_armors_reworked:estusflask":5,"minecraft:iron_chestplate":1,"minecraft:torch":4,"minecraft:mossy_cobblestone":1,"minecraft:anvil":1,"regions_unexplored:redwood_planks":4,"minecraft:crafting_table":8,"minecraft:red_bed":5,"minecraft:jungle_trapdoor":3,"minecraft:dark_oak_planks":7,"minecraft:bricks":1,"minecraft:bread":21,"minecraft:string":1,"regions_unexplored:redwood_boat":1,"minecraft:iron_helmet":1,"minecraft:iron_boots":1,"minecraft:stone_axe":60,"minecraft:cobblestone":2,"minecraft:bow":48,"minecraft:furnace":2,"minecraft:egg":1,"minecraft:cobweb":5,"minecraft:chainmail_leggings":1},"minecraft:dropped":{"minecraft:moss_carpet":2,"minecraft:wheat":1,"minecraft:cobblestone":3,"minecraft:lantern":1,"minecraft:apple":1,"minecraft:jungle_planks":2,"minecraft:oak_sign":1,"minecraft:stick":8,"minecraft:dirt":3,"soul_like_armors_reworked:dagger":1,"minecraft:spider_eye":2,"minecraft:beef":2,"minecraft:wooden_pickaxe":2,"minecraft:dark_oak_planks":8,"minecraft:gold_ingot":1},"minecraft:custom":{"minecraft:interact_with_furnace":2,"minecraft:mob_kills":30,"tombstone:raider_killed":4,"minecraft:interact_with_crafting_table":21,"minecraft:open_barrel":12,"minecraft:damage_dealt_resisted":652,"minecraft:leave_game":7,"minecraft:time_since_death":178101,"minecraft:sleep_in_bed":13,"minecraft:climb_one_cm":9625,"minecraft:time_since_rest":10977,"minecraft:sprint_one_cm":503498,"minecraft:damage_taken":374,"minecraft:walk_one_cm":719506,"minecraft:drop":30,"minecraft:damage_dealt":1780,"minecraft:damage_dealt_absorbed":504,"minecraft:swim_one_cm":41270,"minecraft:talked_to_villager":1,"minecraft:fly_one_cm":517242,"minecraft:open_chest":145,"minecraft:crouch_one_cm":9845,"minecraft:play_time":178101,"tombstone:undead_killed":3,"minecraft:sneak_time":3398,"minecraft:walk_under_water_one_cm":10896,"minecraft:boat_one_cm":63392,"minecraft:jump":1345,"minecraft:walk_on_water_one_cm":23827,"minecraft:total_world_time":178101,"minecraft:fall_one_cm":32014,"minecraft:horse_one_cm":1043778},"minecraft:killed":{"naturalist:rattlesnake":1,"minecraft:spider":1,"naturalist:coral_snake":1,"minecraft:sheep":10,"minecraft:skeleton":2,"minecraft:pillager":4,"minecraft:zombie":1,"minecraft:cow":9},"minecraft:mined":{"minecraft:smithing_table":2,"minecraft:red_bed":6,"minecraft:mossy_cobblestone":1,"minecraft:cobblestone_stairs":1,"minecraft:brewing_stand":1,"minecraft:crafting_table":6,"minecraft:ladder":4,"minecraft:dark_oak_fence":21,"minecraft:blast_furnace":2,"minecraft:grass_block":1,"minecraft:melon":3,"minecraft:jungle_log":8,"minecraft:cobblestone":1,"minecraft:grindstone":1,"minecraft:bricks":1,"minecraft:hay_block":22,"minecraft:raw_iron_block":1,"regions_unexplored:redwood_planks":2,"minecraft:anvil":3,"minecraft:grass":1,"minecraft:bookshelf":25,"minecraft:oak_log":10,"minecraft:cocoa":1,"minecraft:vine":1,"minecraft:cobweb":13,"minecraft:stone":24,"regions_unexplored:redwood_log":4,"minecraft:tripwire":1}},"DataVersion":3465}