{"stats":{"minecraft:killed":{"minecraft:sheep":6,"minecraft:skeleton":5,"minecraft:zombie":5,"minecraft:creeper":2,"minecraft:enderman":1,"minecraft:cow":1},"minecraft:picked_up":{"soul_like_armors_reworked:estusflask":4,"minecraft:arrow":1,"minecraft:bone":1,"minecraft:rotten_flesh":1,"minecraft:bow":1,"minecraft:gunpowder":2,"minecraft:mutton":1,"minecraft:white_wool":1},"minecraft:custom":{"minecraft:time_since_rest":26670,"minecraft:sprint_one_cm":29086,"minecraft:play_time":26670,"tombstone:undead_killed":10,"minecraft:walk_one_cm":68827,"minecraft:sneak_time":117,"minecraft:mob_kills":20,"minecraft:jump":100,"minecraft:leave_game":2,"minecraft:time_since_death":26670,"minecraft:total_world_time":26670,"minecraft:fall_one_cm":209,"minecraft:fly_one_cm":111066}},"DataVersion":3465}