{"stats":{"minecraft:crafted":{"minecraft:oak_planks":40,"minecraft:raw_iron":27,"minecraft:iron_nugget":9,"regions_unexplored:maple_planks":4,"minecraft:furnace":2,"minecraft:jungle_trapdoor":4,"sophisticatedbackpacks:crafting_upgrade":1,"minecraft:bow":1,"minecraft:ladder":3,"minecraft:stone_pickaxe":1,"minecraft:chest":2,"minecraft:dark_oak_planks":12,"sophisticatedbackpacks:iron_backpack":1,"minecraft:arrow":28,"sophisticatedbackpacks:backpack":1,"minecraft:crafting_table":5,"minecraft:enchanting_table":1,"minecraft:wooden_pickaxe":1,"sophisticatedbackpacks:gold_backpack":1,"minecraft:hay_block":5,"minecraft:stone_axe":1,"sophisticatedbackpacks:upgrade_base":1,"minecraft:bread":2,"minecraft:jungle_planks":32,"regions_unexplored:redwood_planks":16,"minecraft:stick":24,"minecraft:iron_ingot":2,"minecraft:gold_ingot":9,"regions_unexplored:redwood_boat":1,"minecraft:torch":12,"minecraft:shears":1},"minecraft:used":{"minecraft:ladder":7,"minecraft:iron_sword":143,"soul_like_armors_reworked:estusflask":5,"minecraft:iron_chestplate":1,"minecraft:torch":11,"minecraft:anvil":1,"minecraft:allium":3,"minecraft:jungle_trapdoor":3,"minecraft:dark_oak_planks":7,"minecraft:bricks":1,"minecraft:iron_axe":3,"regions_unexplored:redwood_boat":2,"minecraft:iron_helmet":1,"minecraft:iron_boots":1,"minecraft:bow":51,"minecraft:furnace":2,"tombstone:gift":1,"minecraft:egg":1,"minecraft:water_bucket":3,"epicfight:skillbook":4,"regions_unexplored:redstone_bulb":1,"minecraft:stone_pickaxe":51,"minecraft:oak_planks":2,"regions_unexplored:peat_dirt":2,"minecraft:wooden_pickaxe":8,"minecraft:mossy_cobblestone":2,"regions_unexplored:redwood_planks":4,"minecraft:crafting_table":10,"minecraft:red_bed":8,"minecraft:bread":36,"minecraft:string":1,"minecraft:iron_pickaxe":2,"minecraft:gravel":1,"minecraft:stone_axe":61,"minecraft:cobblestone":2,"minecraft:bucket":3,"minecraft:cobweb":5,"minecraft:chainmail_leggings":1},"minecraft:killed":{"naturalist:rattlesnake":1,"minecraft:spider":1,"minecraft:skeleton":4,"naturalist:coral_snake":1,"minecraft:creeper":1,"minecraft:sheep":10,"minecraft:pillager":6,"minecraft:zombie":6,"minecraft:cow":9},"minecraft:mined":{"minecraft:mossy_cobblestone":2,"regions_unexplored:maple_log":1,"minecraft:cobblestone_stairs":1,"minecraft:brewing_stand":1,"minecraft:ladder":4,"minecraft:dark_oak_fence":21,"minecraft:grass_block":1,"minecraft:jungle_log":8,"minecraft:coal_block":6,"minecraft:hay_block":36,"minecraft:raw_iron_block":6,"minecraft:iron_ore":3,"regions_unexplored:redwood_planks":2,"minecraft:anvil":5,"minecraft:gold_block":1,"minecraft:bookshelf":25,"minecraft:vine":1,"minecraft:stone":24,"regions_unexplored:redwood_log":4,"regions_unexplored:redstone_bulb":1,"minecraft:tripwire":1,"minecraft:smithing_table":2,"minecraft:red_bed":9,"minecraft:crafting_table":7,"minecraft:blast_furnace":2,"regions_unexplored:peat_grass_block":1,"minecraft:melon":3,"minecraft:cobblestone":1,"minecraft:grindstone":1,"minecraft:oak_planks":2,"minecraft:bricks":1,"minecraft:birch_leaves":4,"minecraft:grass":1,"minecraft:oak_log":10,"minecraft:cocoa":1,"regions_unexplored:peat_dirt":1,"minecraft:gravel":1,"minecraft:cobweb":20,"minecraft:netherrack":3,"minecraft:oak_leaves":27},"minecraft:picked_up":{"minecraft:cocoa_beans":6,"minecraft:crafting_table":7,"minecraft:allium":3,"minecraft:ladder":5,"minecraft:anvil":5,"minecraft:smithing_table":2,"minecraft:lead":1,"minecraft:wooden_pickaxe":1,"minecraft:gold_block":1,"minecraft:brewing_stand":1,"minecraft:string":22,"minecraft:red_bed":9,"minecraft:moss_carpet":2,"minecraft:iron_axe":1,"minecraft:iron_leggings":1,"minecraft:oak_sign":1,"minecraft:beef":11,"minecraft:jungle_sapling":1,"soul_like_armors_reworked:dagger":1,"regions_unexplored:redwood_planks":2,"minecraft:melon_slice":16,"minecraft:coal_block":6,"minecraft:iron_boots":1,"regions_unexplored:redwood_log":4,"minecraft:egg":1,"minecraft:raw_iron":3,"minecraft:stick":3,"regions_unexplored:redwood_boat":1,"minecraft:carrot":1,"minecraft:redstone":1,"minecraft:dark_oak_planks":7,"minecraft:arrow":6,"minecraft:rotten_flesh":5,"regions_unexplored:redstone_bulb":1,"minecraft:hay_block":36,"minecraft:mutton":15,"minecraft:cobblestone":27,"minecraft:white_wool":72,"regions_unexplored:peat_dirt":2,"minecraft:jungle_log":8,"minecraft:leather":9,"minecraft:oak_log":12,"minecraft:cobblestone_stairs":1,"minecraft:dirt":3,"minecraft:white_banner":1,"minecraft:bone":6,"minecraft:wheat_seeds":2,"minecraft:grindstone":1,"minecraft:iron_ingot":3,"minecraft:oak_planks":2,"minecraft:iron_sword":1,"minecraft:book":75,"minecraft:raw_iron_block":6,"minecraft:gravel":1,"minecraft:jungle_planks":1,"minecraft:blast_furnace":2,"minecraft:mossy_cobblestone":2,"regions_unexplored:maple_log":1,"minecraft:netherrack":2,"minecraft:bricks":1},"minecraft:dropped":{"minecraft:cobblestone":3,"minecraft:lantern":1,"minecraft:apple":1,"minecraft:jungle_planks":2,"minecraft:stick":8,"minecraft:dirt":3,"minecraft:dark_oak_planks":8,"minecraft:gold_ingot":1,"minecraft:moss_carpet":2,"minecraft:wheat":1,"minecraft:rotten_flesh":2,"minecraft:oak_sign":1,"soul_like_armors_reworked:dagger":1,"minecraft:spider_eye":2,"minecraft:beef":2,"minecraft:wooden_pickaxe":2},"minecraft:custom":{"minecraft:interact_with_smithing_table":2,"minecraft:mob_kills":41,"minecraft:interact_with_crafting_table":31,"minecraft:open_barrel":13,"minecraft:damage_dealt_resisted":2228,"minecraft:leave_game":10,"minecraft:time_since_death":269466,"minecraft:climb_one_cm":13684,"minecraft:sprint_one_cm":944526,"minecraft:walk_one_cm":1123373,"minecraft:drop":32,"minecraft:damage_dealt_absorbed":1198,"minecraft:talked_to_villager":1,"minecraft:play_time":269466,"minecraft:sneak_time":3472,"minecraft:walk_under_water_one_cm":14688,"minecraft:boat_one_cm":167657,"minecraft:jump":2840,"minecraft:interact_with_blast_furnace":4,"minecraft:walk_on_water_one_cm":31555,"minecraft:total_world_time":269466,"minecraft:interact_with_furnace":4,"tombstone:raider_killed":6,"minecraft:raid_trigger":1,"minecraft:sleep_in_bed":18,"minecraft:time_since_rest":11012,"minecraft:damage_taken":374,"minecraft:damage_dealt":3867,"minecraft:swim_one_cm":60541,"minecraft:fly_one_cm":1022022,"minecraft:open_chest":192,"minecraft:crouch_one_cm":10304,"tombstone:undead_killed":10,"minecraft:fall_one_cm":65833,"minecraft:horse_one_cm":1043778}},"DataVersion":3465}