{"stats":{"minecraft:used":{"minecraft:creeper_spawn_egg":3,"epicfight:skillbook":25,"blocky_siege:cannon_stand":3,"minecraft:skeleton_spawn_egg":12},"minecraft:picked_up":{"minecraft:arrow":6,"minecraft:bone":4,"minecraft:cobblestone":4},"minecraft:custom":{"minecraft:jump":95,"minecraft:time_since_rest":17539,"minecraft:crouch_one_cm":185,"minecraft:sprint_one_cm":20181,"minecraft:play_time":17539,"minecraft:time_since_death":17539,"minecraft:walk_one_cm":36614,"minecraft:sneak_time":169,"minecraft:total_world_time":17539,"minecraft:fly_one_cm":201141}},"DataVersion":3465}