{"stats":{"minecraft:picked_up":{"minecraft:cocoa_beans":6,"minecraft:crafting_table":6,"minecraft:ladder":5,"minecraft:jungle_log":8,"minecraft:leather":9,"minecraft:wooden_pickaxe":1,"minecraft:oak_log":10,"minecraft:brewing_stand":1,"minecraft:cobblestone_stairs":1,"minecraft:dirt":3,"minecraft:string":10,"minecraft:red_bed":6,"minecraft:moss_carpet":2,"minecraft:iron_leggings":1,"minecraft:bone":2,"minecraft:iron_ingot":2,"minecraft:beef":11,"minecraft:jungle_sapling":1,"soul_like_armors_reworked:dagger":1,"regions_unexplored:redwood_planks":1,"minecraft:melon_slice":16,"minecraft:iron_boots":1,"regions_unexplored:redwood_log":4,"minecraft:egg":1,"minecraft:book":69,"minecraft:stick":3,"minecraft:jungle_planks":1,"minecraft:blast_furnace":2,"minecraft:mossy_cobblestone":1,"minecraft:dark_oak_planks":7,"minecraft:arrow":4,"minecraft:hay_block":10,"minecraft:mutton":15,"minecraft:bricks":1,"minecraft:white_wool":44,"minecraft:cobblestone":27},"minecraft:crafted":{"minecraft:arrow":28,"sophisticatedbackpacks:backpack":1,"minecraft:crafting_table":2,"minecraft:wooden_pickaxe":1,"minecraft:furnace":2,"minecraft:jungle_trapdoor":4,"minecraft:hay_block":5,"minecraft:stone_axe":1,"minecraft:bread":2,"minecraft:jungle_planks":32,"regions_unexplored:redwood_planks":16,"minecraft:bow":1,"minecraft:ladder":3,"minecraft:stick":24,"minecraft:stone_pickaxe":1,"minecraft:chest":1,"regions_unexplored:redwood_boat":1,"minecraft:dark_oak_planks":12,"minecraft:torch":12,"minecraft:shears":1,"sophisticatedbackpacks:iron_backpack":1},"minecraft:used":{"epicfight:skillbook":3,"minecraft:stone_pickaxe":24,"minecraft:ladder":7,"minecraft:wooden_pickaxe":8,"minecraft:iron_sword":44,"soul_like_armors_reworked:estusflask":5,"minecraft:iron_chestplate":1,"minecraft:torch":4,"minecraft:mossy_cobblestone":1,"regions_unexplored:redwood_planks":4,"minecraft:crafting_table":8,"minecraft:red_bed":5,"minecraft:jungle_trapdoor":3,"minecraft:dark_oak_planks":7,"minecraft:bricks":1,"minecraft:bread":19,"minecraft:string":1,"regions_unexplored:redwood_boat":1,"minecraft:iron_helmet":1,"minecraft:iron_boots":1,"minecraft:stone_axe":47,"minecraft:cobblestone":2,"minecraft:bow":48,"minecraft:furnace":2,"minecraft:egg":1,"minecraft:cobweb":1,"minecraft:chainmail_leggings":1},"minecraft:dropped":{"minecraft:moss_carpet":2,"minecraft:wheat":1,"minecraft:cobblestone":3,"minecraft:lantern":1,"minecraft:apple":1,"minecraft:jungle_planks":2,"minecraft:stick":8,"minecraft:dirt":3,"soul_like_armors_reworked:dagger":1,"minecraft:beef":2,"minecraft:wooden_pickaxe":2,"minecraft:dark_oak_planks":8,"minecraft:gold_ingot":1},"minecraft:custom":{"minecraft:interact_with_furnace":2,"minecraft:mob_kills":29,"tombstone:raider_killed":4,"minecraft:interact_with_crafting_table":20,"minecraft:open_barrel":11,"minecraft:damage_dealt_resisted":580,"minecraft:leave_game":5,"minecraft:time_since_death":154062,"minecraft:sleep_in_bed":12,"minecraft:climb_one_cm":8620,"minecraft:time_since_rest":784,"minecraft:sprint_one_cm":436785,"minecraft:damage_taken":374,"minecraft:walk_one_cm":605029,"minecraft:drop":27,"minecraft:damage_dealt":1620,"minecraft:damage_dealt_absorbed":384,"minecraft:swim_one_cm":41270,"minecraft:talked_to_villager":1,"minecraft:fly_one_cm":472226,"minecraft:open_chest":119,"minecraft:crouch_one_cm":9845,"minecraft:play_time":154062,"tombstone:undead_killed":3,"minecraft:sneak_time":3398,"minecraft:walk_under_water_one_cm":10896,"minecraft:boat_one_cm":63392,"minecraft:jump":1213,"minecraft:walk_on_water_one_cm":23827,"minecraft:total_world_time":154062,"minecraft:fall_one_cm":30220,"minecraft:horse_one_cm":1043778},"minecraft:mined":{"minecraft:red_bed":6,"minecraft:mossy_cobblestone":1,"minecraft:cobblestone_stairs":1,"minecraft:brewing_stand":1,"minecraft:crafting_table":6,"minecraft:ladder":4,"minecraft:dark_oak_fence":21,"minecraft:blast_furnace":2,"minecraft:grass_block":1,"minecraft:melon":3,"minecraft:jungle_log":8,"minecraft:cobblestone":1,"minecraft:bricks":1,"minecraft:hay_block":10,"regions_unexplored:redwood_planks":1,"minecraft:grass":1,"minecraft:bookshelf":23,"minecraft:oak_log":10,"minecraft:cocoa":1,"minecraft:vine":1,"minecraft:cobweb":9,"minecraft:stone":24,"regions_unexplored:redwood_log":4,"minecraft:tripwire":1},"minecraft:killed":{"naturalist:rattlesnake":1,"naturalist:coral_snake":1,"minecraft:sheep":10,"minecraft:skeleton":2,"minecraft:pillager":4,"minecraft:zombie":1,"minecraft:cow":9}},"DataVersion":3465}