{"stats":{"minecraft:killed_by":{"minecraft:zombie":2},"minecraft:crafted":{"minecraft:oak_planks":16,"minecraft:crafting_table":1,"minecraft:stick":8,"minecraft:wooden_pickaxe":1,"minecraft:stone_pickaxe":1,"minecraft:torch":4,"minecraft:stone_axe":1},"minecraft:used":{"soul_like_armors_reworked:dagger":7,"minecraft:bread":6,"minecraft:wooden_pickaxe":12,"soul_like_armors_reworked:estusflask":1,"minecraft:blue_bed":1,"regions_unexplored:white_snowbelle":1,"minecraft:stone_axe":3,"minecraft:torch":3,"minecraft:dirt":3,"minecraft:crafting_table":4,"tombstone:gift":1,"minecraft:potato":8,"minecraft:egg":4},"minecraft:mined":{"minecraft:podzol":3,"regions_unexplored:barley":3,"minecraft:powder_snow":5,"minecraft:crafting_table":4,"minecraft:torch":2,"minecraft:oak_log":4,"minecraft:dirt":2,"regions_unexplored:medium_grass":2,"minecraft:stone":10,"minecraft:sugar_cane":2,"minecraft:oak_leaves":3,"minecraft:blue_bed":2,"minecraft:wall_torch":1},"minecraft:picked_up":{"minecraft:crafting_table":4,"minecraft:torch":3,"minecraft:oak_log":4,"tombstone:grave_key":1,"minecraft:blue_bed":2,"minecraft:dirt":5,"regions_unexplored:barley":2,"minecraft:wheat_seeds":1,"minecraft:baked_potato":4,"regions_unexplored:white_snowbelle":1,"minecraft:sugar_cane":7,"minecraft:cobblestone":10,"minecraft:egg":4},"minecraft:dropped":{"tombstone:grave_key":1},"minecraft:custom":{"minecraft:time_since_rest":1,"minecraft:sprint_one_cm":259038,"minecraft:damage_taken":965,"minecraft:walk_one_cm":139168,"minecraft:drop":1,"minecraft:damage_dealt":0,"minecraft:damage_dealt_absorbed":24,"minecraft:interact_with_crafting_table":4,"minecraft:swim_one_cm":34170,"minecraft:fly_one_cm":303501,"minecraft:open_chest":5,"minecraft:crouch_one_cm":4,"minecraft:play_time":33130,"minecraft:deaths":3,"minecraft:interact_with_campfire":7,"minecraft:sneak_time":32,"minecraft:walk_under_water_one_cm":8131,"minecraft:damage_dealt_resisted":16,"minecraft:jump":802,"minecraft:leave_game":5,"minecraft:time_since_death":979,"minecraft:walk_on_water_one_cm":11735,"minecraft:sleep_in_bed":2,"minecraft:climb_one_cm":830,"minecraft:total_world_time":33130,"minecraft:fall_one_cm":13134}},"DataVersion":3465}