{"stats":{"minecraft:killed_by":{"minecraft:skeleton":1,"minecraft:zombie":7},"minecraft:crafted":{"valhelsia_structures:white_sleeping_bag":1,"minecraft:oak_planks":44,"minecraft:iron_nugget":4,"minecraft:crafting_table":3,"minecraft:wooden_pickaxe":2,"minecraft:furnace":2,"minecraft:stone_axe":2,"minecraft:cooked_mutton":5,"minecraft:air":0,"tombstone:grave_key":1,"minecraft:stick":36,"minecraft:stone_pickaxe":3,"minecraft:wooden_axe":1,"minecraft:torch":8},"minecraft:killed":{"naturalist:coral_snake":1,"minecraft:sheep":4},"minecraft:used":{"minecraft:cooked_mutton":3,"minecraft:stone_pickaxe":252,"minecraft:baked_potato":2,"minecraft:wooden_pickaxe":28,"soul_like_armors_reworked:estusflask":1,"minecraft:blue_bed":2,"regions_unexplored:white_snowbelle":1,"valhelsia_structures:light_gray_sleeping_bag":2,"minecraft:torch":5,"minecraft:mossy_cobblestone":3,"minecraft:dirt":3,"minecraft:crafting_table":11,"minecraft:oak_log":6,"minecraft:wooden_axe":1,"soul_like_armors_reworked:dagger":7,"minecraft:bread":6,"tombstone:grave_key":1,"minecraft:stone_axe":67,"minecraft:cobblestone":60,"minecraft:oak_sapling":1,"minecraft:furnace":2,"tombstone:gift":1,"minecraft:egg":4,"minecraft:potato":8,"regions_unexplored:silt_dirt":1},"minecraft:mined":{"minecraft:podzol":3,"valhelsia_structures:light_gray_sleeping_bag":3,"regions_unexplored:barley":6,"regions_unexplored:dusktrap":1,"minecraft:powder_snow":5,"minecraft:crafting_table":10,"minecraft:torch":2,"minecraft:granite":1,"minecraft:grass_block":1,"regions_unexplored:silt_dirt":1,"hardmodeores:richironore":5,"minecraft:tall_grass":1,"minecraft:spruce_leaves":16,"minecraft:sugar_cane":2,"minecraft:blue_bed":2,"minecraft:wall_torch":3,"regions_unexplored:stone_bud":2,"minecraft:furnace":1,"minecraft:iron_ore":17,"regions_unexplored:mossy_stone":3,"hardmodeores:richcopperore":1,"regions_unexplored:silver_birch_leaves":5,"minecraft:grass":2,"minecraft:oak_log":23,"minecraft:coal_ore":31,"minecraft:dirt":2,"regions_unexplored:apple_oak_leaves":10,"regions_unexplored:medium_grass":3,"regions_unexplored:small_oak_log":5,"minecraft:stone":158,"regions_unexplored:silt_grass_block":1,"create:crimsite":7,"minecraft:oak_leaves":65},"minecraft:picked_up":{"regions_unexplored:small_oak_log":5,"minecraft:crafting_table":10,"regions_unexplored:silt_dirt":2,"tombstone:grave_key":1,"minecraft:oak_log":16,"minecraft:blue_bed":2,"minecraft:dirt":6,"hardmodeores:pure_raw_copper":2,"minecraft:wheat_seeds":2,"minecraft:stone_pickaxe":1,"regions_unexplored:white_snowbelle":1,"minecraft:sugar_cane":7,"valhelsia_structures:light_gray_sleeping_bag":3,"minecraft:egg":4,"minecraft:furnace":1,"hardmodeores:pure_raw_iron":5,"minecraft:stick":2,"minecraft:raw_iron":17,"minecraft:torch":5,"minecraft:mossy_cobblestone":3,"regions_unexplored:barley":3,"create:crimsite":7,"minecraft:granite":1,"minecraft:baked_potato":7,"minecraft:oak_sapling":3,"minecraft:mutton":5,"minecraft:coal":31,"minecraft:white_wool":4,"minecraft:cobblestone":157},"minecraft:dropped":{"tombstone:grave_key":1,"minecraft:stone_pickaxe":1},"minecraft:custom":{"minecraft:interact_with_furnace":8,"minecraft:mob_kills":5,"minecraft:interact_with_crafting_table":18,"minecraft:open_barrel":2,"minecraft:interact_with_campfire":7,"minecraft:damage_dealt_resisted":16,"minecraft:leave_game":8,"minecraft:time_since_death":168,"minecraft:sleep_in_bed":4,"minecraft:climb_one_cm":3027,"minecraft:time_since_rest":1,"minecraft:sprint_one_cm":374653,"minecraft:damage_taken":3025,"minecraft:walk_one_cm":331843,"minecraft:drop":2,"minecraft:damage_dealt":420,"minecraft:damage_dealt_absorbed":78,"minecraft:swim_one_cm":195785,"minecraft:fly_one_cm":441781,"minecraft:open_chest":7,"minecraft:crouch_one_cm":7745,"minecraft:play_time":88724,"minecraft:deaths":9,"minecraft:sneak_time":1246,"minecraft:walk_under_water_one_cm":30952,"minecraft:jump":1819,"minecraft:walk_on_water_one_cm":59710,"minecraft:total_world_time":88724,"minecraft:fall_one_cm":28354},"minecraft:broken":{"minecraft:stone_pickaxe":1}},"DataVersion":3465}