{"stats":{"minecraft:killed_by":{"minecraft:zombie":2},"minecraft:crafted":{"minecraft:oak_planks":24,"minecraft:iron_nugget":4,"minecraft:crafting_table":2,"minecraft:wooden_pickaxe":1,"minecraft:furnace":1,"minecraft:stone_axe":1,"tombstone:grave_key":1,"minecraft:stick":24,"minecraft:stone_pickaxe":2,"minecraft:torch":4},"minecraft:used":{"minecraft:stone_pickaxe":161,"minecraft:baked_potato":2,"minecraft:wooden_pickaxe":13,"minecraft:blue_bed":2,"soul_like_armors_reworked:estusflask":1,"regions_unexplored:white_snowbelle":1,"valhelsia_structures:light_gray_sleeping_bag":1,"minecraft:torch":3,"minecraft:dirt":3,"minecraft:crafting_table":8,"soul_like_armors_reworked:dagger":7,"minecraft:bread":6,"minecraft:stone_axe":6,"minecraft:furnace":1,"tombstone:gift":1,"minecraft:egg":4,"minecraft:potato":8},"minecraft:mined":{"minecraft:podzol":3,"valhelsia_structures:light_gray_sleeping_bag":2,"regions_unexplored:barley":3,"minecraft:powder_snow":5,"minecraft:crafting_table":8,"minecraft:torch":2,"minecraft:granite":1,"minecraft:sugar_cane":2,"minecraft:wall_torch":1,"minecraft:blue_bed":2,"regions_unexplored:stone_bud":2,"minecraft:furnace":1,"minecraft:iron_ore":2,"regions_unexplored:mossy_stone":3,"hardmodeores:richcopperore":1,"minecraft:oak_log":6,"minecraft:coal_ore":21,"minecraft:dirt":2,"regions_unexplored:medium_grass":3,"minecraft:stone":139,"minecraft:oak_leaves":3},"minecraft:picked_up":{"minecraft:crafting_table":8,"minecraft:oak_log":6,"tombstone:grave_key":1,"minecraft:dirt":5,"minecraft:blue_bed":2,"hardmodeores:pure_raw_copper":2,"minecraft:wheat_seeds":2,"minecraft:stone_pickaxe":1,"regions_unexplored:white_snowbelle":1,"minecraft:sugar_cane":7,"valhelsia_structures:light_gray_sleeping_bag":2,"minecraft:furnace":1,"minecraft:egg":4,"minecraft:raw_iron":2,"minecraft:torch":3,"minecraft:mossy_cobblestone":3,"regions_unexplored:barley":2,"minecraft:granite":1,"minecraft:baked_potato":7,"minecraft:coal":21,"minecraft:cobblestone":138},"minecraft:dropped":{"tombstone:grave_key":1,"minecraft:stone_pickaxe":1},"minecraft:custom":{"minecraft:interact_with_furnace":2,"minecraft:interact_with_crafting_table":10,"minecraft:open_barrel":2,"minecraft:interact_with_campfire":7,"minecraft:damage_dealt_resisted":16,"minecraft:leave_game":5,"minecraft:time_since_death":16224,"minecraft:sleep_in_bed":3,"minecraft:climb_one_cm":3027,"minecraft:time_since_rest":13566,"minecraft:sprint_one_cm":287439,"minecraft:damage_taken":1015,"minecraft:walk_one_cm":185371,"minecraft:drop":2,"minecraft:damage_dealt":0,"minecraft:damage_dealt_absorbed":24,"minecraft:swim_one_cm":34170,"minecraft:fly_one_cm":357062,"minecraft:open_chest":7,"minecraft:crouch_one_cm":4,"minecraft:play_time":48375,"minecraft:deaths":3,"minecraft:sneak_time":32,"minecraft:walk_under_water_one_cm":8131,"minecraft:jump":1032,"minecraft:walk_on_water_one_cm":14792,"minecraft:total_world_time":48375,"minecraft:fall_one_cm":17227},"minecraft:broken":{"minecraft:stone_pickaxe":1}},"DataVersion":3465}