{"stats":{"minecraft:crafted":{"minecraft:oak_planks":16,"minecraft:torch":4,"minecraft:stone_axe":1,"minecraft:crafting_table":1,"minecraft:stone_pickaxe":1,"minecraft:stick":8,"minecraft:wooden_pickaxe":1},"minecraft:used":{"minecraft:stone_axe":2,"minecraft:torch":1,"minecraft:crafting_table":4,"minecraft:bread":2,"minecraft:wooden_pickaxe":12,"minecraft:egg":4,"regions_unexplored:white_snowbelle":1},"minecraft:mined":{"minecraft:oak_log":4,"minecraft:dirt":1,"regions_unexplored:medium_grass":1,"minecraft:stone":10,"minecraft:oak_leaves":3,"minecraft:crafting_table":4,"minecraft:blue_bed":1,"minecraft:torch":1},"minecraft:picked_up":{"minecraft:crafting_table":4,"minecraft:torch":1,"minecraft:wheat_seeds":1,"minecraft:oak_log":4,"regions_unexplored:white_snowbelle":1,"minecraft:dirt":1,"minecraft:cobblestone":10,"minecraft:blue_bed":1,"minecraft:egg":4},"minecraft:custom":{"minecraft:time_since_rest":10144,"minecraft:open_chest":3,"minecraft:crouch_one_cm":4,"minecraft:play_time":10144,"minecraft:sprint_one_cm":44498,"minecraft:damage_taken":20,"minecraft:walk_one_cm":46477,"minecraft:sneak_time":20,"minecraft:jump":122,"minecraft:walk_on_water_one_cm":958,"minecraft:time_since_death":10144,"minecraft:total_world_time":10144,"minecraft:interact_with_crafting_table":4,"minecraft:fall_one_cm":2879,"minecraft:fly_one_cm":25911}},"DataVersion":3465}