{"stats":{"minecraft:killed_by":{"minecraft:skeleton":1,"minecraft:zombie":5},"minecraft:crafted":{"minecraft:oak_planks":44,"minecraft:iron_nugget":4,"minecraft:crafting_table":3,"minecraft:wooden_pickaxe":2,"minecraft:furnace":1,"minecraft:stone_axe":2,"tombstone:grave_key":1,"minecraft:stick":36,"minecraft:stone_pickaxe":3,"minecraft:wooden_axe":1,"minecraft:torch":8},"minecraft:used":{"regions_unexplored:silt_dirt":1,"minecraft:stone_pickaxe":231,"minecraft:baked_potato":2,"minecraft:wooden_pickaxe":28,"minecraft:blue_bed":2,"soul_like_armors_reworked:estusflask":1,"regions_unexplored:white_snowbelle":1,"valhelsia_structures:light_gray_sleeping_bag":2,"minecraft:torch":5,"minecraft:mossy_cobblestone":3,"minecraft:dirt":3,"minecraft:crafting_table":10,"minecraft:oak_log":6,"minecraft:wooden_axe":1,"soul_like_armors_reworked:dagger":7,"minecraft:bread":6,"tombstone:grave_key":1,"minecraft:stone_axe":61,"minecraft:cobblestone":60,"minecraft:oak_sapling":1,"minecraft:furnace":1,"tombstone:gift":1,"minecraft:egg":4,"minecraft:potato":8},"minecraft:mined":{"minecraft:podzol":3,"valhelsia_structures:light_gray_sleeping_bag":3,"regions_unexplored:barley":6,"regions_unexplored:dusktrap":1,"minecraft:powder_snow":5,"minecraft:crafting_table":10,"minecraft:torch":2,"minecraft:granite":1,"minecraft:grass_block":1,"regions_unexplored:silt_dirt":1,"hardmodeores:richironore":5,"minecraft:tall_grass":1,"minecraft:spruce_leaves":16,"minecraft:sugar_cane":2,"minecraft:wall_torch":3,"minecraft:blue_bed":2,"regions_unexplored:stone_bud":2,"minecraft:furnace":1,"minecraft:iron_ore":17,"regions_unexplored:mossy_stone":3,"hardmodeores:richcopperore":1,"regions_unexplored:silver_birch_leaves":5,"minecraft:grass":1,"minecraft:coal_ore":31,"minecraft:oak_log":23,"minecraft:dirt":2,"regions_unexplored:apple_oak_leaves":7,"regions_unexplored:medium_grass":3,"regions_unexplored:small_oak_log":5,"minecraft:stone":158,"regions_unexplored:silt_grass_block":1,"create:crimsite":7,"minecraft:oak_leaves":48},"minecraft:picked_up":{"minecraft:crafting_table":10,"regions_unexplored:silt_dirt":2,"tombstone:grave_key":1,"minecraft:oak_log":16,"minecraft:blue_bed":2,"minecraft:dirt":6,"hardmodeores:pure_raw_copper":2,"minecraft:wheat_seeds":2,"minecraft:stone_pickaxe":1,"regions_unexplored:white_snowbelle":1,"minecraft:sugar_cane":7,"valhelsia_structures:light_gray_sleeping_bag":3,"minecraft:egg":4,"minecraft:furnace":1,"hardmodeores:pure_raw_iron":5,"minecraft:stick":2,"minecraft:raw_iron":17,"minecraft:torch":5,"minecraft:mossy_cobblestone":3,"regions_unexplored:barley":3,"create:crimsite":7,"minecraft:granite":1,"minecraft:baked_potato":7,"minecraft:oak_sapling":3,"minecraft:coal":31,"minecraft:cobblestone":157,"regions_unexplored:small_oak_log":5},"minecraft:dropped":{"tombstone:grave_key":1,"minecraft:stone_pickaxe":1},"minecraft:custom":{"minecraft:interact_with_furnace":2,"minecraft:interact_with_crafting_table":14,"minecraft:open_barrel":2,"minecraft:interact_with_campfire":7,"minecraft:damage_dealt_resisted":16,"minecraft:leave_game":6,"minecraft:time_since_death":12978,"minecraft:sleep_in_bed":4,"minecraft:climb_one_cm":3027,"minecraft:time_since_rest":11981,"minecraft:sprint_one_cm":366005,"minecraft:damage_taken":2355,"minecraft:walk_one_cm":318329,"minecraft:drop":2,"minecraft:damage_dealt":0,"minecraft:damage_dealt_absorbed":24,"minecraft:swim_one_cm":195785,"minecraft:fly_one_cm":440916,"minecraft:open_chest":7,"minecraft:crouch_one_cm":7745,"minecraft:play_time":84142,"minecraft:deaths":7,"minecraft:sneak_time":1246,"minecraft:walk_under_water_one_cm":30952,"minecraft:jump":1778,"minecraft:walk_on_water_one_cm":59710,"minecraft:total_world_time":84142,"minecraft:fall_one_cm":28354},"minecraft:broken":{"minecraft:stone_pickaxe":1}},"DataVersion":3465}