{"stats":{"minecraft:picked_up":{"minecraft:stick":4,"minecraft:crafting_table":5,"valhelsia_furniture:hay_dark_oak_chair":2,"minecraft:torch":3,"regions_unexplored:silt_dirt":1,"minecraft:porkchop":5,"minecraft:oak_log":5,"regions_unexplored:red_lupine":1,"minecraft:dirt":55,"regions_unexplored:barley":55,"minecraft:slime_ball":1,"minecraft:wheat_seeds":3,"valhelsia_structures:doused_torch":1,"minecraft:coal":2,"minecraft:cobblestone":13},"minecraft:killed_by":{"minecraft:zombie":2},"minecraft:crafted":{"minecraft:oak_planks":20,"minecraft:crafting_table":1,"minecraft:stick":8,"minecraft:wooden_pickaxe":1,"minecraft:stone_pickaxe":1,"minecraft:torch":8,"minecraft:stone_axe":1},"minecraft:used":{"valhelsia_furniture:hay_dark_oak_chair":2,"soul_like_armors_reworked:dagger":83,"minecraft:bread":2,"minecraft:stone_pickaxe":2,"minecraft:iron_helmet":1,"minecraft:wooden_pickaxe":10,"minecraft:iron_boots":1,"soul_like_armors_reworked:estusflask":1,"minecraft:cooked_chicken":3,"minecraft:iron_chestplate":1,"minecraft:stone_axe":23,"minecraft:torch":4,"regions_unexplored:red_lupine":1,"minecraft:dirt":2,"minecraft:crafting_table":5,"minecraft:iron_leggings":1},"minecraft:custom":{"minecraft:time_since_rest":17122,"minecraft:interact_with_smithing_table":1,"minecraft:sprint_one_cm":117361,"minecraft:damage_taken":810,"minecraft:walk_one_cm":155383,"minecraft:mob_kills":6,"minecraft:damage_dealt":500,"minecraft:damage_dealt_absorbed":104,"minecraft:interact_with_crafting_table":11,"minecraft:fly_one_cm":128915,"minecraft:crouch_one_cm":10,"minecraft:open_barrel":1,"minecraft:open_chest":5,"minecraft:play_time":38563,"minecraft:deaths":2,"minecraft:sneak_time":10,"minecraft:pot_flower":1,"minecraft:jump":457,"minecraft:damage_dealt_resisted":76,"minecraft:leave_game":1,"minecraft:time_since_death":18142,"minecraft:climb_one_cm":2843,"minecraft:total_world_time":38563,"minecraft:fall_one_cm":8594},"minecraft:mined":{"regions_unexplored:red_lupine":1,"regions_unexplored:barley":68,"minecraft:torch":3,"minecraft:crafting_table":5,"minecraft:grass":6,"minecraft:coal_ore":2,"minecraft:oak_log":5,"regions_unexplored:silt_dirt":1,"valhelsia_furniture:hay_dark_oak_chair":2,"minecraft:dirt":2,"minecraft:tall_grass":39,"regions_unexplored:medium_grass":9,"minecraft:stone":8,"regions_unexplored:windswept_grass":1,"minecraft:oak_leaves":5,"valhelsia_structures:doused_wall_torch":1,"minecraft:fern":3},"minecraft:killed":{"naturalist:snail":2,"minecraft:pig":3,"minecraft:spider":1}},"DataVersion":3465}