{"stats":{"minecraft:picked_up":{"regions_unexplored:barley":24,"minecraft:oak_log":5},"minecraft:crafted":{"minecraft:oak_planks":20,"minecraft:crafting_table":1},"minecraft:used":{"minecraft:crafting_table":1,"soul_like_armors_reworked:estusflask":1},"minecraft:custom":{"minecraft:open_chest":3,"minecraft:time_since_rest":12239,"minecraft:play_time":12239,"minecraft:sprint_one_cm":8966,"minecraft:damage_taken":130,"minecraft:walk_one_cm":23228,"minecraft:jump":72,"minecraft:time_since_death":12239,"minecraft:total_world_time":12239,"minecraft:fly_one_cm":27953,"minecraft:fall_one_cm":3696,"minecraft:interact_with_crafting_table":3},"minecraft:mined":{"minecraft:grass":2,"minecraft:oak_log":5,"regions_unexplored:barley":31,"minecraft:tall_grass":7,"regions_unexplored:medium_grass":2,"minecraft:oak_leaves":1,"minecraft:fern":2}},"DataVersion":3465}