{"stats":{"minecraft:picked_up":{"minecraft:stick":4,"minecraft:crafting_table":4,"regions_unexplored:silt_dirt":1,"minecraft:oak_log":5,"minecraft:dirt":53,"regions_unexplored:barley":55,"minecraft:wheat_seeds":1,"minecraft:coal":2,"minecraft:cobblestone":13},"minecraft:killed_by":{"minecraft:zombie":2},"minecraft:crafted":{"minecraft:oak_planks":20,"minecraft:crafting_table":1,"minecraft:stick":8,"minecraft:wooden_pickaxe":1,"minecraft:stone_pickaxe":1,"minecraft:torch":8,"minecraft:stone_axe":1},"minecraft:used":{"soul_like_armors_reworked:dagger":53,"minecraft:bread":2,"minecraft:stone_pickaxe":2,"minecraft:wooden_pickaxe":10,"soul_like_armors_reworked:estusflask":1,"minecraft:stone_axe":20,"minecraft:crafting_table":4},"minecraft:custom":{"minecraft:time_since_rest":2798,"minecraft:sprint_one_cm":48774,"minecraft:damage_taken":800,"minecraft:walk_one_cm":68319,"minecraft:mob_kills":1,"minecraft:damage_dealt":160,"minecraft:damage_dealt_absorbed":104,"minecraft:interact_with_crafting_table":11,"minecraft:fly_one_cm":84437,"minecraft:open_chest":3,"minecraft:play_time":24239,"minecraft:deaths":2,"minecraft:pot_flower":1,"minecraft:jump":263,"minecraft:damage_dealt_resisted":76,"minecraft:time_since_death":3818,"minecraft:total_world_time":24239,"minecraft:fall_one_cm":6378},"minecraft:killed":{"minecraft:spider":1},"minecraft:mined":{"regions_unexplored:barley":68,"minecraft:crafting_table":4,"minecraft:grass":3,"minecraft:coal_ore":2,"minecraft:oak_log":5,"regions_unexplored:silt_dirt":1,"minecraft:tall_grass":24,"regions_unexplored:medium_grass":7,"minecraft:stone":8,"minecraft:oak_leaves":1,"minecraft:fern":3}},"DataVersion":3465}